id;form_name;type;sub_type;compliance;comment;free_field_1;free_field_2;free_field_3;free_field_4;remark;created_date;created_by;last_modified;last_modified_by
1;Lead Chips;Gloves;radical Devolved JBOD;true;Outdoors matrix Republic;parsing matrix;Metal Loan;Mall;plum payment indigo;Computers connecting;2021-09-23;deposit;2021-09-23;JSON
2;Philippine (customarily Ball;XML Planner;system Berkshire;false;schemas Netherlands Iowa;Rustic;Home;migration;attitude Account;Towels;2021-09-22;Pizza Public-key;2021-09-23;Pants Towels envisioneer
3;North initiative;transmitting Regional;West Crossing;false;Rustic;Bacon leverage;Bedfordshire Licensed;Home;Grocery Legacy;HDD;2021-09-22;Strategist;2021-09-23;Architect bypassing
4;Industrial;integrated application SQL;Path digital;true;Borders;input;cross-platform Home Communications;Wallis Market functionalities;Fork;Costa Business-focused;2021-09-23;copying yellow Fully-configurable;2021-09-22;Cheese alarm parallelism
5;harness Missouri scalable;Views Dynamic up;eyeballs;false;Savings;ivory;reboot;systematic;bypassing;digital methodologies Representative;2021-09-23;Market transparent e-commerce;2021-09-23;invoice
6;payment e-tailers;functionalities Bhutanese Consultant;black;false;optimal override payment;back-end generation index;Fresh Principal;Unions users transmitter;Towels;Steel withdrawal;2021-09-22;Shoes Incredible;2021-09-22;value-added
7;Automotive;invoice Run;end-to-end;false;Account;Regional Credit Rubber;Gorgeous hard;transmit Indiana;loyalty;firewall Hawaii;2021-09-23;Rubber 1080p back-end;2021-09-22;coherent sky
8;Peru;Rustic quantifying;transmit transmitter Bedfordshire;true;dynamic Developer Cotton;Administrator Consultant;Lari Applications Function-based;blue Central deposit;Human Implementation;Bedfordshire payment Oman;2021-09-23;Cheese Internal XSS;2021-09-23;matrix invoice fuchsia
9;Peso Buckinghamshire COM;initiatives program bypassing;plug-and-play Optimization Georgia;false;Vanuatu Guinea;card;Games;Human bluetooth Berkshire;partnerships Checking architectures;Engineer Card Awesome;2021-09-22;Marketing Auto;2021-09-23;empower
10;Concrete pink;Small Alabama;Shoes system-worthy Wooden;false;Jewelery Handmade;Iowa;Rubber;SMS Landing;Buckinghamshire;one-to-one pixel;2021-09-22;web connecting;2021-09-22;Table Home Automated
