id;form_name;type;sub_type;description;free_field_1;free_field_2;free_field_3;free_field_4;created_date;created_by;last_modified;last_modified_by
1;Curve;Fish;bus override Buckinghamshire;deposit Tasty;alliance Ouguiya;Soft Account Accountability;Barbados Concrete Avon;Chips;2021-09-23;tan Money;2021-09-23;FTP Berkshire redefine
2;Tasty;payment;matrix Gorgeous;alarm Checking;Direct throughput;Bacon parsing Money;Security transmitter Iraq;Self-enabling Forward;2021-09-22;convergence;2021-09-22;Michigan system-worthy Massachusetts
3;blockchains knowledge multi-byte;Adaptive;withdrawal killer;executive ADP;Money Frozen;Account;Agent extranet;synergies Ergonomic;2021-09-23;clear-thinking;2021-09-23;channels
4;SMTP;full-range auxiliary;Unbranded flexibility;channels hub;port;framework Run calculating;synthesizing Tuna;deposit Sterling;2021-09-22;indexing;2021-09-22;AI Germany Table
5;Chips;Bridge;withdrawal grey;Intranet AI;systems Sharable;synthesize;utilize proactive;services Gold yellow;2021-09-23;Account iterate;2021-09-22;Strategist
6;seamless;Haiti synergy Proactive;Pre-emptive;Dollar bleeding-edge THX;Borders Liaison Account;Credit niches;Vatu 24 impactful;Assurance communities;2021-09-22;vertical Iowa Fantastic;2021-09-23;Tala
7;line Pass;Ergonomic Borders Shirt;maximized Analyst Mobility;Health;SMS Soft Indonesia;Saudi fuchsia Investor;open-source;maroon Dollar Supervisor;2021-09-23;Refined Account knowledge;2021-09-23;Refined whiteboard
8;purple cross-media;help-desk generate District;withdrawal;salmon;program;Indiana bandwidth;Kitts Up-sized;Cotton Alabama;2021-09-22;International;2021-09-23;Eritrea Ringgit auxiliary
9;Accounts;Wyoming compress;blue Baby Mobility;Self-enabling Kentucky Naira;grid-enabled Delaware silver;Shoes Investor XML;directional firewall;Integration;2021-09-23;Gold;2021-09-23;Program ADP
10;Jordanian;bluetooth;Dynamic optimizing;Via Bike Steel;Rubber;Poland;Tools Developer Applications;CSS;2021-09-22;invoice;2021-09-22;incubate Nevada Facilitator
