id;form_name;type;sub_type;table_name;description;description_parameter;actual_available;remark;free_field_1;free_field_2;free_field_3;created_date;created_by;last_modified;last_modified_by
1;override dynamic;ability Health navigate;Shoes pixel driver;Mississippi South;Monitored Peso;payment;Electronics indigo;middleware Colorado;Unions;edge;multi-byte Lead;2021-09-23;Borders;2021-09-22;withdrawal Executive
2;orchestrate Course asynchronous;invoice;technologies;compress;Human;Kyat;Chief;Plastic;Account;Sharable Oklahoma;Alaska Guinea-Bissau bandwidth;2021-09-22;Plastic asymmetric;2021-09-23;Checking Direct
3;Mouse Division;User-centric up Applications;Beauty matrices JSON;navigating;transmitter;Manager;Account toolset;even-keeled;Concrete quantify synthesizing;back-end;Handcrafted;2021-09-22;auxiliary Handmade;2021-09-22;Kids synergies proactive
4;Ergonomic 24/365 capacitor;connecting Unbranded;open-source;Unbranded Granite;reinvent haptic;Credit compress;Heights;SMS;Tennessee;Dinar;Games Web;2021-09-23;bypassing back synthesizing;2021-09-22;tan
5;clear-thinking;European Web Metal;Maldives seamless Avon;Berkshire Steel;payment;Pound;Panama;groupware Keyboard;Frozen set overriding;mint;overriding disintermediate;2021-09-22;Dinar;2021-09-23;aggregate
6;Principal Cambridgeshire azure;seize synthesizing blockchains;Netherlands Handmade homogeneous;Beauty optical Pizza;Refined;optical bypassing Innovative;deposit deposit;Frozen Centers Account;deposit Concrete Wooden;implement cyan Rustic;Baht;2021-09-23;Granite Concrete;2021-09-23;invoice bypass functionalities
7;withdrawal;Plastic AI District;logistical Licensed;Buckinghamshire;Home;Fresh;ROI invoice;Shirt Pennsylvania archive;Personal Lights innovative;Tasty;Marketing Japan;2021-09-22;Senior;2021-09-23;Intelligent
8;Sri synthesizing;New Borders;HTTP;olive;Practical;morph Movies payment;Ball indigo orchestrate;Interactions;regional;extranet payment;Quality;2021-09-22;Ireland Awesome;2021-09-22;Franc Profound
9;mobile facilitate;calculate California bandwidth;payment;Investor EXE;services invoice;Car pixel;Small Developer Illinois;throughput even-keeled;Steel architectures;website;Creative;2021-09-22;Streamlined Automated 24/365;2021-09-23;compress Plastic
10;Loan;teal Markets;Persevering indexing virtual;Rest Maryland;Cotton;Orchestrator AI;capacitor Fantastic;Garden Car Concrete;array;Investor;program;2021-09-22;New Architect Web;2021-09-22;Tasty algorithm Fresh
