id;form_name;type;sub_type;table_name;supplier_name;supplier_address;supplier_contact_name;supplier_contact_name_number;free_field_1;free_field_2;free_field_3;created_date;created_by;last_modified;last_modified_by
1;Associate bus connecting;withdrawal Avon Persevering;Soft;Principal;Dynamic;Agent support Brand;Loan Fresh;Cheese;repurpose Buckinghamshire Cheese;Gorgeous Business-focused;parse interface Industrial;2021-09-23;pixel Buckinghamshire Account;2021-09-23;Market
2;Iceland FTP;Islands Cliffs Zloty;deploy Land;Fundamental;Practical Intelligent Configurable;multi-byte;index;bypassing Analyst Salad;Carolina Hat;Antilles;compelling panel Home;2021-09-22;Steel encryption panel;2021-09-22;scalable array Cape
3;neural Legacy;Corporate Estates;National;Yen New;transmitting deposit Automotive;invoice Investment bypassing;AI Fantastic Sleek;Nuevo Ville Fresh;USB California Dynamic;Cheese;ubiquitous Cambridgeshire;2021-09-22;Concrete;2021-09-22;Sports
4;interfaces;indigo;Soap system Metal;Ergonomic intangible;transmitting New;Lek Books;capacitor Albania Small;SDR;Customer payment;Czech Money;static;2021-09-22;definition Gloves;2021-09-23;Investment harness empower
5;Account;invoice Lead;Shilling Coves AI;analyzing integrate azure;PNG bandwidth;Concrete;Awesome Chair;auxiliary Web Bacon;Industrial Incredible;engine;Angola facilitate;2021-09-23;Card;2021-09-22;group
6;Berkshire;parsing;Rustic State);Up-sized;Unbranded programming Avon;asynchronous Bedfordshire methodology;enhance;support;Costa generating parsing;function wireless Som;Avon New extensible;2021-09-22;Chips online;2021-09-23;overriding
7;maximize Frozen;Global architecture Rustic;Hollow parse;metrics Arab;Chicken wireless;cyan interfaces Bedfordshire;index Product;transmitting;Soft Dynamic state;Polynesia schemas;Montenegro connect;2021-09-22;Senior;2021-09-22;View Guam
8;Handmade deliver Card;engage;payment;Strategist Buckinghamshire Legacy;invoice Berkshire;methodical Cambridgeshire;synthesizing Buckinghamshire Generic;Bike Soft Somalia;cultivate portal e-tailers;Associate value-added;Persevering Ball;2021-09-22;installation reboot;2021-09-23;Stand-alone silver Market
9;Buckinghamshire Bike;Dynamic Card;Handmade Mobility Fantastic;Global;maroon Intelligent;alarm dynamic scalable;instruction;Soap;Home;alarm Island;system Handmade Outdoors;2021-09-23;invoice 4th;2021-09-22;functionalities incremental
10;iterate;copying;Re-engineered;deploy Coordinator maroon;Extensions;leading-edge;bandwidth Denmark;Brand product SMS;interactive payment;paradigms;Cambridgeshire;2021-09-22;Forest networks deposit;2021-09-22;Account
