id;form_name;type;sub_type;table_name;noof_patients;consumption_litper_min;consumption_litper_day;consumption_k_litper_day;consumption_total;free_field_1;free_field_2;free_field_3;created_date;created_by;last_modified;last_modified_by
1;Missouri SAS Cheese;Kina Arab Taiwan;Spurs Implementation circuit;impactful monitor Pula;87575;72746;7847;51363;97690;Cambridgeshire;compress Sum;Dynamic withdrawal;2021-09-22;Dynamic;2021-09-23;index
2;Buckinghamshire Investor Sausages;Producer Assurance;1080p;Berkshire Kids Implementation;74595;71955;4176;9020;30709;Sudanese Crossroad;Cambridgeshire Krone;Planner;2021-09-22;Iowa indigo maroon;2021-09-22;payment
3;RSS;Automotive;feed;invoice Dollar bleeding-edge;97429;81231;60406;6339;67098;Jewelery firewall Credit;payment;technologies;2021-09-23;Optimization hacking Analyst;2021-09-23;d'Ivoire uniform
4;back-end invoice;Cambridgeshire disintermediate;Key;and Upgradable;24971;40588;13164;36636;84417;teal;Berkshire PNG;whiteboard capacitor virtual;2021-09-22;Ergonomic;2021-09-22;Handmade Outdoors Chips
5;primary;Books Soft Sleek;eyeballs networks SCSI;Andorra Villages;89375;47432;42320;55685;17200;deposit HTTP high-level;GB deposit;Accounts;2021-09-23;dynamic alarm hacking;2021-09-22;methodologies
6;National;Sudanese blockchains ROI;Open-source Belize monitor;users incremental Baby;6542;27440;25521;58574;5878;Metrics;initiatives;generating Ball gold;2021-09-22;action-items;2021-09-23;Kina unleash
7;Legacy;Specialist;SMS;quantifying Focused Quetzal;59097;81198;28130;94157;71283;Directives optimizing Down-sized;Lithuania Spring virtual;Expressway Representative;2021-09-22;back-end Optimization Hawaii;2021-09-23;Guadeloupe
8;Estonia;array Berkshire;Administrator Communications;microchip;89947;96336;795;33351;55332;Pike withdrawal;Rustic Direct Borders;parse redundant Cuban;2021-09-23;bypass monetize;2021-09-22;Sleek program
9;initiative Uganda Loti;Garden;Refined Sausages;copying Kansas;66640;18127;79419;90695;86597;Open-architected Locks;Lead York;Manager Cambridgeshire Senior;2021-09-23;SMTP Wooden calculating;2021-09-22;Armenian Stand-alone e-commerce
10;bypassing Steel Run;Security Connecticut;Adaptive;Kenya Internal;41152;1088;576;71343;67005;Senior Paradigm;Fantastic payment;Rustic Card;2021-09-23;Marketing up budgetary;2021-09-23;logistical Computers
