id;form_name;type;sub_type;table_name;description;description_parameter;free_field_1;free_field_2;free_field_3;created_date;created_by;last_modified;last_modified_by
1;embrace;Agent;Borders;transmitting Account;Analyst Kroon;Florida Cross-platform orange;Delaware programming Shirt;incentivize invoice auxiliary;Money haptic;2021-09-22;payment;2021-09-22;Books
2;Plastic Dynamic;payment green;Pakistan auxiliary;parse;interactive circuit;Senior Lebanese;index Operative Toys;Developer Connecticut directional;Assimilated Right-sized;2021-09-22;system payment;2021-09-23;transmitting multimedia
3;Myanmar olive;software Outdoors Loan;best-of-breed Virginia;artificial;Soft red;Centralized;wireless;Product compressing partnerships;Markets Buckinghamshire payment;2021-09-23;Lempira;2021-09-23;architectures
4;capacitor;Berkshire;encompassing Officer Ways;Frozen;Total;Stravenue Health;revolutionize Generic;copy Account viral;copy;2021-09-22;task-force out-of-the-box;2021-09-22;hack Fresh invoice
5;Rustic Research Frozen;Grocery Metal;time-frame Ruble;Cambridgeshire Account;turquoise;Brunei;Corner Forward;Markets Kwacha;Reduced systems;2021-09-23;Supervisor invoice;2021-09-22;circuit Avon
6;revolutionize Lev Computers;Soap;Health hacking user-facing;Buckinghamshire Account Saint;productivity Developer Cambridgeshire;harness users;generation Southern;parse Ghana Granite;navigate;2021-09-23;Sausages Bike copy;2021-09-23;pixel
7;purple deploy;Marketing Stand-alone;Loaf Rubber;interactive to;Fresh quantify Falls;Loan;task-force synthesize;Kids dynamic;content moratorium;2021-09-23;Progressive;2021-09-22;Romania
8;virtual Rubber Points;Concrete North;Health Senior orchid;multi-byte;emulation Granite;syndicate Re-contextualized Concrete;Toys implementation silver;Iraqi;green AGP HTTP;2021-09-22;Concrete methodologies;2021-09-22;Views salmon cutting-edge
9;Switzerland override Wooden;executive Pound violet;Guadeloupe auxiliary;system;Berkshire;Cotton Oregon Books;withdrawal Rustic;Cotton Ruble;monetize Buckinghamshire;2021-09-22;CSS;2021-09-22;USB
10;Analyst Stravenue;Books Rubber Solutions;asymmetric program yellow;Ball convergence;azure;wireless discrete back-end;Idaho;Bike drive structure;black;2021-09-22;connect Customizable Chips;2021-09-22;Avon Fresh Ergonomic
